<presets xmlns="http://josm.openstreetmap.de/tagging-preset-1.0"
	shortdescription="Jungle stops"
	description="Presets for adding main tags for public transport stops surveyed with Jungle Bus osmtracker layout"
	fr.description="Un preset pour ajouter rapidement les tags utiles pour les arrêts de transport. Fonctionne bien les layouts osmtracker de Jungle Bus"
	author="nlehuby"
	version="0.1">

	<group name="Jungle stops" icon="one.png">
		<group name="Bus" icon="Bouton_2.png">
			<item name="Unmarked stop" fr.name="Arrêt sans indication" icon="Bouton_1.png" type="node">
				<key key="public_transport" value="platform" />
				<key key="highway" value="bus_stop" />
				<key key="shelter" value="no" />
				<key key="pole" value="no" />
			</item>
			
			<item name="Stop with pole" fr.name="Poteau" icon="Bouton_2.png" type="node">
				<key key="public_transport" value="platform" />
				<key key="highway" value="bus_stop" />
				<key key="pole" value="yes" />
				<key key="shelter" value="no" />
			</item>
			
			<item name="Stop with shelter" fr.name="Abribus" icon="Bouton_3.png" type="node">
				<key key="public_transport" value="platform" />
				<key key="highway" value="bus_stop" />
				<key key="shelter" value="yes" />
				<key key="pole" value="no" />
			</item>
		</group>
		<group name="Bateau" icon="Bouton_4.png">
			<item name="Boat stop" fr.name="Arrêt de bateau" icon="Bouton_4.png" type="node,closedway">
				<key key="public_transport" value="platform" />
			</item>
		</group>
       </group>
</presets>
